Provincia;Año;SinAsalariados;De1a2;De3a5;
Albacete;2017;14532.0;7880.0;2540.0;
Albacete;2016;14536.0;7939.0;2486.0;
Albacete;2015;14351.0;8000.0;2527.0;
Albacete;2014;13904.0;8005.0;2474.0;
Albacete;2013;13645.0;8017.0;2437.0;
Albacete;2012;14103.0;7622.0;2565.0;
Albacete;2011;14112.0;7612.0;2787.0;
Albacete;2010;14221.0;7763.0;2827.0;
Albacete;2009;14030.0;7703.0;2945.0;
Albacete;2008;13320.0;8334.0;3062.0;
Albacete;2007;13137.0;8050.0;3010.0;
Albacete;2006;12324.0;7655.0;2830.0;
Albacete;2005;12114.0;7291.0;2654.0;
Albacete;2004;11405.0;6974.0;2619.0;
Albacete;2003;11146.0;6591.0;2386.0;
Albacete;2002;11116.0;6147.0;2256.0;
Albacete;2001;11186.0;5886.0;2205.0;
Albacete;2000;11638.0;5575.0;2016.0;
Albacete;1999;11592.0;5474.0;1901.0;
Alacant;2017;73497.0;38043.0;13012.0;
Alacant;2016;72730.0;37322.0;12598.0;
Alacant;2015;71311.0;36894.0;12419.0;
Alacant;2014;67892.0;37274.0;11943.0;
Alacant;2013;69146.0;37497.0;11432.0;
Alacant;2012;72406.0;35811.0;11487.0;
Alacant;2011;72759.0;35556.0;12705.0;
Alacant;2010;70468.0;38185.0;12932.0;
Alacant;2009;68950.0;40080.0;14211.0;
Alacant;2008;69604.0;42488.0;15276.0;
Alacant;2007;68152.0;41710.0;15331.0;
Alacant;2006;64230.0;39074.0;14791.0;
Alacant;2005;58710.0;36851.0;13880.0;
Alacant;2004;51812.0;35077.0;13437.0;
Alacant;2003;53357.0;32792.0;12673.0;
Alacant;2002;52341.0;30711.0;11828.0;
Alacant;2001;51388.0;28977.0;11273.0;
Alacant;2000;50029.0;27408.0;10422.0;
Alacant;1999;47622.0;26284.0;9667.0;
Almería;2017;22673.0;12344.0;4199.0;
Almería;2016;22006.0;12136.0;4088.0;
Almería;2015;21454.0;12194.0;3938.0;
Almería;2014;20429.0;12488.0;3934.0;
Almería;2013;21124.0;12736.0;3863.0;
Almería;2012;21813.0;12171.0;3981.0;
Almería;2011;21653.0;12149.0;4444.0;
Almería;2010;21238.0;13018.0;4658.0;
Almería;2009;21102.0;13337.0;4973.0;
Almería;2008;20965.0;14029.0;5365.0;
Almería;2007;20752.0;13268.0;5275.0;
Almería;2006;19336.0;12120.0;4963.0;
Almería;2005;18929.0;11455.0;4353.0;
Almería;2004;17372.0;11053.0;4099.0;
Almería;2003;16837.0;9910.0;3818.0;
Almería;2002;16210.0;9295.0;3420.0;
Almería;2001;15715.0;8760.0;3088.0;
Almería;2000;16206.0;8124.0;2887.0;
Almería;1999;15696.0;7802.0;2748.0;
Araba;2017;7738.0;6329.0;2157.0;
Araba;2016;8729.0;6706.0;2267.0;
Araba;2015;8577.0;6520.0;2149.0;
Araba;2014;8500.0;6710.0;2160.0;
Araba;2013;8771.0;6638.0;2187.0;
Araba;2012;9362.0;6325.0;2251.0;
Araba;2011;9870.0;6329.0;2303.0;
Araba;2010;10038.0;6530.0;2354.0;
Araba;2009;9938.0;6714.0;2438.0;
Araba;2008;9942.0;6944.0;2436.0;
Araba;2007;8904.0;6544.0;2350.0;
Araba;2006;8680.0;6518.0;2344.0;
Araba;2005;8257.0;6585.0;2255.0;
Araba;2004;8507.0;6336.0;2227.0;
Araba;2003;8834.0;6038.0;2123.0;
Araba;2002;9105.0;5651.0;2039.0;
Araba;2001;8492.0;6190.0;1972.0;
Araba;2000;8943.0;5905.0;1894.0;
Araba;1999;8909.0;5595.0;1764.0;
Asturias;2017;37883.0;19737.0;6031.0;
Asturias;2016;37139.0;19949.0;6021.0;
Asturias;2015;36666.0;20337.0;5943.0;
Asturias;2014;34864.0;20840.0;6039.0;
Asturias;2013;34844.0;20845.0;6037.0;
Asturias;2012;37110.0;19996.0;6307.0;
Asturias;2011;37416.0;19679.0;6881.0;
Asturias;2010;37193.0;20087.0;6963.0;
Asturias;2009;37244.0;20881.0;7188.0;
Asturias;2008;37534.0;21456.0;7324.0;
Asturias;2007;37377.0;21074.0;7161.0;
Asturias;2006;36420.0;20203.0;7043.0;
Asturias;2005;35338.0;19765.0;6771.0;
Asturias;2004;34632.0;19491.0;6648.0;
Asturias;2003;33960.0;18630.0;6441.0;
Asturias;2002;33510.0;17648.0;6136.0;
Asturias;2001;36299.0;17369.0;5928.0;
Asturias;2000;35770.0;16384.0;5612.0;
Asturias;1999;23318.0;13639.0;4860.0;
Ávila;2017;5454.0;3147.0;963.0;
Ávila;2016;5331.0;3216.0;929.0;
Ávila;2015;5384.0;3263.0;952.0;
Ávila;2014;5143.0;3377.0;959.0;
Ávila;2013;5288.0;3414.0;1005.0;
Ávila;2012;5713.0;3278.0;1079.0;
Ávila;2011;5788.0;3090.0;1138.0;
Ávila;2010;5892.0;3352.0;1297.0;
Ávila;2009;5919.0;3405.0;1267.0;
Ávila;2008;5958.0;3534.0;1269.0;
Ávila;2007;5865.0;3479.0;1209.0;
Ávila;2006;5647.0;3278.0;1119.0;
Ávila;2005;5661.0;3096.0;1058.0;
Ávila;2004;5498.0;3028.0;1052.0;
Ávila;2003;5598.0;2897.0;1000.0;
Ávila;2002;5498.0;2741.0;937.0;
Ávila;2001;5601.0;2680.0;912.0;
Ávila;2000;5822.0;2597.0;886.0;
Ávila;1999;5810.0;2511.0;829.0;
Badajoz;2017;21821.0;12074.0;4000.0;
Badajoz;2016;22011.0;11862.0;3821.0;
Badajoz;2015;21173.0;11932.0;3822.0;
Badajoz;2014;20016.0;12099.0;3931.0;
Badajoz;2013;20261.0;11938.0;3783.0;
Badajoz;2012;21650.0;10956.0;3781.0;
Badajoz;2011;22530.0;9742.0;3894.0;
Badajoz;2010;22639.0;9765.0;3974.0;
Badajoz;2009;22416.0;10762.0;4084.0;
Badajoz;2008;21698.0;11669.0;4098.0;
Badajoz;2007;21351.0;11140.0;3974.0;
Badajoz;2006;20129.0;10667.0;3794.0;
Badajoz;2005;20030.0;10141.0;3612.0;
Badajoz;2004;18696.0;9737.0;3478.0;
Badajoz;2003;19341.0;9313.0;3209.0;
Badajoz;2002;18959.0;8908.0;3193.0;
Badajoz;2001;18862.0;8661.0;2968.0;
Badajoz;2000;19809.0;8589.0;2912.0;
Badajoz;1999;18629.0;8039.0;2653.0;
Illes_Balears;2017;51322.0;25047.0;9051.0;
Illes_Balears;2016;48954.0;24577.0;8700.0;
Illes_Balears;2015;47382.0;24651.0;8389.0;
Illes_Balears;2014;44451.0;25118.0;8269.0;
Illes_Balears;2013;44835.0;25290.0;8096.0;
Illes_Balears;2012;46345.0;23735.0;8228.0;
Illes_Balears;2011;47660.0;23150.0;9036.0;
Illes_Balears;2010;47635.0;24667.0;9249.0;
Illes_Balears;2009;47921.0;25176.0;9800.0;
Illes_Balears;2008;47167.0;26531.0;9883.0;
Illes_Balears;2007;45778.0;26157.0;9747.0;
Illes_Balears;2006;43935.0;25188.0;9515.0;
Illes_Balears;2005;44359.0;24662.0;9230.0;
Illes_Balears;2004;41921.0;24808.0;9580.0;
Illes_Balears;2003;37238.0;21923.0;8364.0;
Illes_Balears;2002;36162.0;20731.0;8084.0;
Illes_Balears;2001;35600.0;20013.0;7782.0;
Illes_Balears;2000;35965.0;19036.0;7271.0;
Illes_Balears;1999;34781.0;18712.0;6907.0;
Barcelona;2017;269593.0;112554.0;38837.0;
Barcelona;2016;262423.0;112449.0;37493.0;
Barcelona;2015;253780.0;113495.0;37279.0;
Barcelona;2014;245989.0;116254.0;36566.0;
Barcelona;2013;246456.0;116904.0;36044.0;
Barcelona;2012;258810.0;109209.0;37047.0;
Barcelona;2011;263257.0;107287.0;39830.0;
Barcelona;2010;260253.0;113603.0;40420.0;
Barcelona;2009;258650.0;117148.0;42860.0;
Barcelona;2008;258125.0;123298.0;44610.0;
Barcelona;2007;253129.0;119741.0;44671.0;
Barcelona;2006;236491.0;112564.0;44155.0;
Barcelona;2005;232893.0;110874.0;42647.0;
Barcelona;2004;219520.0;106962.0;41881.0;
Barcelona;2003;210245.0;98973.0;40204.0;
Barcelona;2002;210333.0;94980.0;38696.0;
Barcelona;2001;200493.0;90357.0;36762.0;
Barcelona;2000;204901.0;88957.0;36009.0;
Barcelona;1999;209535.0;88721.0;34856.0;
Bizkaia;2017;36504.0;23204.0;6792.0;
Bizkaia;2016;40210.0;24835.0;6967.0;
Bizkaia;2015;40033.0;24106.0;6680.0;
Bizkaia;2014;39229.0;24817.0;6627.0;
Bizkaia;2013;40308.0;25350.0;6708.0;
Bizkaia;2012;43518.0;23674.0;7382.0;
Bizkaia;2011;45895.0;24303.0;7318.0;
Bizkaia;2010;46328.0;25094.0;7463.0;
Bizkaia;2009;45712.0;25767.0;7617.0;
Bizkaia;2008;46202.0;26243.0;7765.0;
Bizkaia;2007;42399.0;25241.0;7517.0;
Bizkaia;2006;41537.0;24664.0;7466.0;
Bizkaia;2005;39825.0;24695.0;7280.0;
Bizkaia;2004;39795.0;23798.0;7146.0;
Bizkaia;2003;41428.0;22321.0;6916.0;
Bizkaia;2002;42401.0;20858.0;6631.0;
Bizkaia;2001;40958.0;23081.0;6790.0;
Bizkaia;2000;40983.0;22408.0;6503.0;
Bizkaia;1999;42246.0;20984.0;6065.0;
Burgos;2017;14713.0;6841.0;2203.0;
Burgos;2016;14447.0;6879.0;2259.0;
Burgos;2015;14217.0;6965.0;2175.0;
Burgos;2014;13430.0;7131.0;2233.0;
Burgos;2013;13535.0;7120.0;2269.0;
Burgos;2012;14025.0;6521.0;2354.0;
Burgos;2011;14006.0;6212.0;2605.0;
Burgos;2010;13699.0;6646.0;2626.0;
Burgos;2009;13612.0;6761.0;2609.0;
Burgos;2008;13406.0;7090.0;2670.0;
Burgos;2007;13013.0;7044.0;2667.0;
Burgos;2006;12608.0;6825.0;2534.0;
Burgos;2005;12294.0;6615.0;2407.0;
Burgos;2004;11843.0;6321.0;2389.0;
Burgos;2003;11703.0;5985.0;2259.0;
Burgos;2002;11584.0;5657.0;2152.0;
Burgos;2001;11643.0;5528.0;2071.0;
Burgos;2000;12080.0;5427.0;2029.0;
Burgos;1999;11901.0;5249.0;1906.0;
Cáceres;2017;13812.0;7361.0;2227.0;
Cáceres;2016;13952.0;7284.0;2157.0;
Cáceres;2015;13822.0;7336.0;2150.0;
Cáceres;2014;13081.0;7567.0;2122.0;
Cáceres;2013;13244.0;7400.0;2165.0;
Cáceres;2012;14263.0;6962.0;2187.0;
Cáceres;2011;14427.0;6833.0;2430.0;
Cáceres;2010;14257.0;7057.0;2467.0;
Cáceres;2009;14558.0;7093.0;2487.0;
Cáceres;2008;14340.0;7233.0;2634.0;
Cáceres;2007;14381.0;7012.0;2485.0;
Cáceres;2006;13926.0;6745.0;2303.0;
Cáceres;2005;14045.0;6530.0;2272.0;
Cáceres;2004;10436.0;6080.0;2210.0;
Cáceres;2003;12976.0;6388.0;2181.0;
Cáceres;2002;13325.0;6020.0;2208.0;
Cáceres;2001;7277.0;3926.0;1701.0;
Cáceres;2000;7328.0;3856.0;1656.0;
Cáceres;1999;6977.0;4682.0;1702.0;
Cádiz;2017;30840.0;17937.0;6626.0;
Cádiz;2016;30157.0;17506.0;6405.0;
Cádiz;2015;29716.0;17551.0;6172.0;
Cádiz;2014;28359.0;18143.0;6118.0;
Cádiz;2013;28704.0;18052.0;5878.0;
Cádiz;2012;30453.0;17413.0;6070.0;
Cádiz;2011;31181.0;17003.0;6581.0;
Cádiz;2010;31074.0;17751.0;6525.0;
Cádiz;2009;31278.0;18270.0;6841.0;
Cádiz;2008;31362.0;18703.0;7169.0;
Cádiz;2007;31217.0;18005.0;7070.0;
Cádiz;2006;31419.0;16840.0;6606.0;
Cádiz;2005;30375.0;16082.0;6195.0;
Cádiz;2004;29621.0;15509.0;6103.0;
Cádiz;2003;28754.0;14649.0;5543.0;
Cádiz;2002;28059.0;13806.0;5271.0;
Cádiz;2001;27063.0;13265.0;4950.0;
Cádiz;2000;24814.0;12342.0;4404.0;
Cádiz;1999;25639.0;12301.0;4350.0;
Cantabria;2017;20753.0;11303.0;3550.0;
Cantabria;2016;20095.0;11262.0;3537.0;
Cantabria;2015;19758.0;11354.0;3495.0;
Cantabria;2014;18793.0;11664.0;3496.0;
Cantabria;2013;18810.0;11816.0;3555.0;
Cantabria;2012;19789.0;11405.0;3698.0;
Cantabria;2011;20040.0;11287.0;4060.0;
Cantabria;2010;19782.0;11524.0;4063.0;
Cantabria;2009;19761.0;11771.0;4179.0;
Cantabria;2008;19640.0;12264.0;4352.0;
Cantabria;2007;19366.0;11896.0;4163.0;
Cantabria;2006;18503.0;11239.0;3978.0;
Cantabria;2005;17957.0;10965.0;3830.0;
Cantabria;2004;17678.0;10524.0;3697.0;
Cantabria;2003;17380.0;9656.0;3492.0;
Cantabria;2002;17216.0;9079.0;3357.0;
Cantabria;2001;17108.0;8778.0;3196.0;
Cantabria;2000;17868.0;8517.0;3058.0;
Cantabria;1999;17484.0;8314.0;2838.0;
Castelló;2017;20106.0;12147.0;4008.0;
Castelló;2016;20069.0;12123.0;3874.0;
Castelló;2015;19714.0;12245.0;3769.0;
Castelló;2014;18868.0;12531.0;3760.0;
Castelló;2013;19193.0;12688.0;3679.0;
Castelló;2012;20429.0;12092.0;3867.0;
Castelló;2011;20619.0;11771.0;4361.0;
Castelló;2010;20033.0;12418.0;4408.0;
Castelló;2009;20090.0;12732.0;4688.0;
Castelló;2008;20248.0;13421.0;4957.0;
Castelló;2007;19404.0;13077.0;4830.0;
Castelló;2006;18051.0;12133.0;4637.0;
Castelló;2005;17495.0;11571.0;4294.0;
Castelló;2004;17316.0;11210.0;4276.0;
Castelló;2003;15940.0;10203.0;3840.0;
Castelló;2002;15598.0;9468.0;3676.0;
Castelló;2001;15257.0;9180.0;3508.0;
Castelló;2000;16084.0;8691.0;3322.0;
Castelló;1999;15511.0;8533.0;3202.0;
Ciudad_Real;2017;15972.0;9160.0;3010.0;
Ciudad_Real;2016;15941.0;9255.0;2955.0;
Ciudad_Real;2015;15932.0;9164.0;2917.0;
Ciudad_Real;2014;15097.0;9365.0;2842.0;
Ciudad_Real;2013;15141.0;9441.0;2849.0;
Ciudad_Real;2012;15983.0;9066.0;2990.0;
Ciudad_Real;2011;16098.0;8891.0;3295.0;
Ciudad_Real;2010;16043.0;9243.0;3335.0;
Ciudad_Real;2009;16173.0;9103.0;3421.0;
Ciudad_Real;2008;16223.0;9504.0;3590.0;
Ciudad_Real;2007;15805.0;9047.0;3479.0;
Ciudad_Real;2006;15417.0;8405.0;3235.0;
Ciudad_Real;2005;15154.0;8214.0;3031.0;
Ciudad_Real;2004;15126.0;7981.0;2912.0;
Ciudad_Real;2003;14021.0;7276.0;2661.0;
Ciudad_Real;2002;13608.0;6790.0;2523.0;
Ciudad_Real;2001;13851.0;6646.0;2406.0;
Ciudad_Real;2000;13697.0;6309.0;2263.0;
Ciudad_Real;1999;14314.0;6401.0;2228.0;
Córdoba;2017;25309.0;13786.0;4372.0;
Córdoba;2016;24727.0;13642.0;4320.0;
Córdoba;2015;24296.0;13916.0;4382.0;
Córdoba;2014;23534.0;14197.0;4240.0;
Córdoba;2013;23332.0;14237.0;4257.0;
Córdoba;2012;24823.0;13623.0;4332.0;
Córdoba;2011;25328.0;13101.0;4905.0;
Córdoba;2010;25105.0;13736.0;5071.0;
Córdoba;2009;24984.0;13945.0;5153.0;
Córdoba;2008;24747.0;14405.0;5462.0;
Córdoba;2007;24748.0;13892.0;5260.0;
Córdoba;2006;23896.0;13130.0;5062.0;
Córdoba;2005;23313.0;12613.0;4710.0;
Córdoba;2004;22644.0;11820.0;4445.0;
Córdoba;2003;22152.0;11324.0;4282.0;
Córdoba;2002;21526.0;10866.0;4008.0;
Córdoba;2001;21567.0;10246.0;3797.0;
Córdoba;2000;23015.0;10219.0;3507.0;
Córdoba;1999;17526.0;8916.0;3201.0;
A_Coruña;2017;46038.0;23257.0;7234.0;
A_Coruña;2016;45671.0;23509.0;7273.0;
A_Coruña;2015;44887.0;23858.0;7098.0;
A_Coruña;2014;42611.0;24543.0;7162.0;
A_Coruña;2013;42514.0;24527.0;7016.0;
A_Coruña;2012;44154.0;22359.0;7332.0;
A_Coruña;2011;44841.0;21517.0;7993.0;
A_Coruña;2010;44228.0;23296.0;8052.0;
A_Coruña;2009;44007.0;23866.0;8182.0;
A_Coruña;2008;43314.0;24630.0;8273.0;
A_Coruña;2007;42861.0;24025.0;8160.0;
A_Coruña;2006;40666.0;23064.0;7937.0;
A_Coruña;2005;39898.0;22185.0;7643.0;
A_Coruña;2004;38746.0;21431.0;7550.0;
A_Coruña;2003;37609.0;20205.0;7152.0;
A_Coruña;2002;34388.0;18542.0;6728.0;
A_Coruña;2001;38084.0;18807.0;6606.0;
A_Coruña;2000;38822.0;18104.0;6299.0;
A_Coruña;1999;34778.0;16932.0;5795.0;
Cuenca;2017;7159.0;4265.0;1294.0;
Cuenca;2016;7128.0;4317.0;1291.0;
Cuenca;2015;7131.0;4335.0;1248.0;
Cuenca;2014;6850.0;4430.0;1253.0;
Cuenca;2013;6893.0;4408.0;1276.0;
Cuenca;2012;7310.0;4023.0;1354.0;
Cuenca;2011;7510.0;3816.0;1576.0;
Cuenca;2010;7408.0;4128.0;1550.0;
Cuenca;2009;7764.0;4091.0;1616.0;
Cuenca;2008;7416.0;4461.0;1689.0;
Cuenca;2007;7464.0;4393.0;1628.0;
Cuenca;2006;7032.0;4086.0;1501.0;
Cuenca;2005;7015.0;3918.0;1345.0;
Cuenca;2004;6791.0;3701.0;1323.0;
Cuenca;2003;6799.0;3576.0;1209.0;
Cuenca;2002;6840.0;3343.0;1115.0;
Cuenca;2001;6873.0;3204.0;1100.0;
Cuenca;2000;7058.0;3113.0;1050.0;
Cuenca;1999;6943.0;2986.0;1008.0;
Gipuzkoa;2017;23527.0;15119.0;4666.0;
Gipuzkoa;2016;26254.0;15879.0;4869.0;
Gipuzkoa;2015;26358.0;15424.0;4682.0;
Gipuzkoa;2014;26696.0;15874.0;4655.0;
Gipuzkoa;2013;27594.0;16213.0;4583.0;
Gipuzkoa;2012;29745.0;15389.0;4887.0;
Gipuzkoa;2011;32174.0;15771.0;4904.0;
Gipuzkoa;2010;33240.0;16493.0;5109.0;
Gipuzkoa;2009;33709.0;17069.0;5095.0;
Gipuzkoa;2008;34709.0;17513.0;5118.0;
Gipuzkoa;2007;31338.0;17147.0;5070.0;
Gipuzkoa;2006;30716.0;16994.0;4957.0;
Gipuzkoa;2005;29410.0;17210.0;4824.0;
Gipuzkoa;2004;29206.0;16700.0;4840.0;
Gipuzkoa;2003;29807.0;15827.0;4760.0;
Gipuzkoa;2002;30452.0;14848.0;4566.0;
Gipuzkoa;2001;29030.0;16338.0;4605.0;
Gipuzkoa;2000;28619.0;15815.0;4414.0;
Gipuzkoa;1999;28473.0;15204.0;4213.0;
Girona;2017;33517.0;17138.0;6054.0;
Girona;2016;32404.0;17056.0;5976.0;
Girona;2015;30901.0;17383.0;5838.0;
Girona;2014;29235.0;17853.0;5892.0;
Girona;2013;28555.0;17835.0;5695.0;
Girona;2012;29671.0;17031.0;5833.0;
Girona;2011;30681.0;15669.0;6066.0;
Girona;2010;30725.0;15511.0;6129.0;
Girona;2009;30208.0;15426.0;6309.0;
Girona;2008;22457.0;15554.0;6478.0;
Girona;2007;21792.0;15160.0;6245.0;
Girona;2006;19854.0;14426.0;6066.0;
Girona;2005;19389.0;15042.0;5973.0;
Girona;2004;18078.0;14841.0;5940.0;
Girona;2003;25113.0;15395.0;5863.0;
Girona;2002;24084.0;14594.0;5652.0;
Girona;2001;23471.0;13940.0;5354.0;
Girona;2000;23807.0;13630.0;5192.0;
Girona;1999;22983.0;13547.0;5022.0;
Granada;2017;32558.0;16714.0;5237.0;
Granada;2016;31377.0;16695.0;5032.0;
Granada;2015;30652.0;16627.0;4905.0;
Granada;2014;29145.0;17066.0;4759.0;
Granada;2013;29752.0;17004.0;4795.0;
Granada;2012;31241.0;16083.0;5038.0;
Granada;2011;32201.0;15697.0;5553.0;
Granada;2010;31711.0;16538.0;5591.0;
Granada;2009;31922.0;17068.0;5971.0;
Granada;2008;32609.0;17596.0;6340.0;
Granada;2007;32409.0;16956.0;6101.0;
Granada;2006;30568.0;15711.0;5633.0;
Granada;2005;29793.0;14636.0;5078.0;
Granada;2004;27342.0;13843.0;4811.0;
Granada;2003;27978.0;12963.0;4487.0;
Granada;2002;27871.0;12210.0;4131.0;
Granada;2001;26965.0;11379.0;3728.0;
Granada;2000;27593.0;10745.0;3581.0;
Granada;1999;26841.0;10358.0;3293.0;
Guadalajara;2017;7520.0;3717.0;1151.0;
Guadalajara;2016;7614.0;3731.0;1178.0;
Guadalajara;2015;7406.0;3802.0;1152.0;
Guadalajara;2014;7054.0;3802.0;1170.0;
Guadalajara;2013;7229.0;3780.0;1149.0;
Guadalajara;2012;7511.0;3550.0;1174.0;
Guadalajara;2011;7552.0;3334.0;1335.0;
Guadalajara;2010;7406.0;3658.0;1316.0;
Guadalajara;2009;7167.0;3769.0;1368.0;
Guadalajara;2008;7068.0;3934.0;1459.0;
Guadalajara;2007;6504.0;3728.0;1437.0;
Guadalajara;2006;6065.0;3302.0;1299.0;
Guadalajara;2005;5248.0;3046.0;1138.0;
Guadalajara;2004;5155.0;2965.0;1061.0;
Guadalajara;2003;4938.0;2672.0;967.0;
Guadalajara;2002;4855.0;2492.0;901.0;
Guadalajara;2001;4774.0;2353.0;868.0;
Guadalajara;2000;4960.0;2336.0;837.0;
Guadalajara;1999;4857.0;2234.0;801.0;
Huelva;2017;12844.0;7220.0;2536.0;
Huelva;2016;12573.0;7150.0;2505.0;
Huelva;2015;12519.0;7133.0;2477.0;
Huelva;2014;12078.0;7381.0;2434.0;
Huelva;2013;12529.0;7495.0;2425.0;
Huelva;2012;13144.0;7381.0;2552.0;
Huelva;2011;13510.0;7299.0;2777.0;
Huelva;2010;13423.0;7628.0;2860.0;
Huelva;2009;13389.0;7803.0;2921.0;
Huelva;2008;13399.0;7940.0;3109.0;
Huelva;2007;13487.0;7720.0;2971.0;
Huelva;2006;12795.0;7167.0;2805.0;
Huelva;2005;12769.0;6855.0;2633.0;
Huelva;2004;12811.0;6582.0;2492.0;
Huelva;2003;11943.0;6108.0;2300.0;
Huelva;2002;11760.0;5656.0;2223.0;
Huelva;2001;11695.0;5311.0;2036.0;
Huelva;2000;12009.0;5091.0;1927.0;
Huelva;1999;11901.0;4842.0;1815.0;
Huesca;2017;8526.0;4793.0;1722.0;
Huesca;2016;8401.0;4881.0;1739.0;
Huesca;2015;8290.0;5044.0;1649.0;
Huesca;2014;8024.0;5019.0;1635.0;
Huesca;2013;7896.0;5019.0;1664.0;
Huesca;2012;8228.0;4785.0;1689.0;
Huesca;2011;8261.0;4661.0;1893.0;
Huesca;2010;8185.0;4825.0;1908.0;
Huesca;2009;8452.0;4709.0;1913.0;
Huesca;2008;8266.0;5055.0;1898.0;
Huesca;2007;8086.0;4956.0;1846.0;
Huesca;2006;7705.0;4761.0;1813.0;
Huesca;2005;7421.0;4674.0;1689.0;
Huesca;2004;7353.0;4546.0;1634.0;
Huesca;2003;7050.0;4251.0;1553.0;
Huesca;2002;6945.0;4076.0;1476.0;
Huesca;2001;6884.0;3990.0;1394.0;
Huesca;2000;7202.0;3813.0;1381.0;
Huesca;1999;7084.0;3787.0;1310.0;
Jaén;2017;17634.0;10256.0;3455.0;
Jaén;2016;17343.0;10095.0;3338.0;
Jaén;2015;17078.0;10269.0;3317.0;
Jaén;2014;16472.0;10557.0;3380.0;
Jaén;2013;16767.0;10599.0;3377.0;
Jaén;2012;17559.0;10210.0;3495.0;
Jaén;2011;18129.0;10112.0;3772.0;
Jaén;2010;18388.0;10587.0;3777.0;
Jaén;2009;18514.0;10709.0;4052.0;
Jaén;2008;18450.0;11025.0;4127.0;
Jaén;2007;18571.0;10636.0;4057.0;
Jaén;2006;17820.0;10143.0;3849.0;
Jaén;2005;17776.0;9858.0;3634.0;
Jaén;2004;17280.0;9211.0;3411.0;
Jaén;2003;17193.0;8850.0;3195.0;
Jaén;2002;16995.0;8455.0;3087.0;
Jaén;2001;16945.0;8175.0;2929.0;
Jaén;2000;17344.0;7931.0;2707.0;
Jaén;1999;17143.0;7614.0;2635.0;
León;2017;17305.0;9049.0;2794.0;
León;2016;17480.0;9263.0;2684.0;
León;2015;17276.0;9403.0;2740.0;
León;2014;16742.0;9693.0;2673.0;
León;2013;16748.0;9876.0;2773.0;
León;2012;17638.0;9428.0;2904.0;
León;2011;17532.0;9237.0;3312.0;
León;2010;17408.0;9664.0;3340.0;
León;2009;17372.0;9809.0;3433.0;
León;2008;17253.0;10099.0;3498.0;
León;2007;17170.0;9949.0;3442.0;
León;2006;16620.0;9556.0;3316.0;
León;2005;16395.0;9282.0;3255.0;
León;2004;15996.0;9218.0;3157.0;
León;2003;15987.0;8741.0;2939.0;
León;2002;15852.0;8396.0;2834.0;
León;2001;16237.0;7994.0;2723.0;
León;2000;16604.0;7784.0;2584.0;
León;1999;16498.0;7577.0;2484.0;
Lleida;2017;18309.0;9309.0;3213.0;
Lleida;2016;18042.0;9477.0;3112.0;
Lleida;2015;17705.0;9693.0;3172.0;
Lleida;2014;17457.0;10099.0;3195.0;
Lleida;2013;17558.0;10254.0;3196.0;
Lleida;2012;18698.0;9797.0;3337.0;
Lleida;2011;19249.0;9500.0;3742.0;
Lleida;2010;19327.0;10082.0;3761.0;
Lleida;2009;19002.0;10345.0;3924.0;
Lleida;2008;18549.0;11015.0;4106.0;
Lleida;2007;17484.0;10680.0;4037.0;
Lleida;2006;16211.0;10192.0;3815.0;
Lleida;2005;15951.0;9664.0;3640.0;
Lleida;2004;15358.0;9336.0;3520.0;
Lleida;2003;14334.0;8829.0;3261.0;
Lleida;2002;14180.0;8395.0;3105.0;
Lleida;2001;14172.0;8062.0;2956.0;
Lleida;2000;14874.0;7927.0;2750.0;
Lleida;1999;14487.0;7681.0;2710.0;
Lugo;2017;13021.0;7569.0;2339.0;
Lugo;2016;12781.0;7536.0;2413.0;
Lugo;2015;12536.0;7541.0;2458.0;
Lugo;2014;11926.0;7816.0;2405.0;
Lugo;2013;11969.0;7813.0;2512.0;
Lugo;2012;12517.0;7442.0;2501.0;
Lugo;2011;12466.0;7405.0;2689.0;
Lugo;2010;12389.0;7600.0;2721.0;
Lugo;2009;12315.0;7595.0;2805.0;
Lugo;2008;12166.0;7828.0;2841.0;
Lugo;2007;11928.0;7856.0;2721.0;
Lugo;2006;11491.0;7631.0;2681.0;
Lugo;2005;11234.0;7541.0;2455.0;
Lugo;2004;10914.0;7384.0;2357.0;
Lugo;2003;11159.0;7178.0;2290.0;
Lugo;2002;11094.0;6842.0;2285.0;
Lugo;2001;11293.0;6712.0;2219.0;
Lugo;2000;11733.0;6385.0;2148.0;
Lugo;1999;11666.0;6146.0;2008.0;
Madrid;2017;313320.0;128168.0;40723.0;
Madrid;2016;305033.0;128899.0;40027.0;
Madrid;2015;299870.0;128483.0;39431.0;
Madrid;2014;284990.0;130311.0;39011.0;
Madrid;2013;284903.0;129491.0;38232.0;
Madrid;2012;296990.0;118140.0;38727.0;
Madrid;2011;298278.0;114809.0;41605.0;
Madrid;2010;292227.0;121535.0;41946.0;
Madrid;2009;290471.0;126418.0;43618.0;
Madrid;2008;288185.0;132585.0;45036.0;
Madrid;2007;274674.0;130323.0;45029.0;
Madrid;2006;259839.0;122420.0;44025.0;
Madrid;2005;251374.0;115503.0;40772.0;
Madrid;2004;238067.0;110061.0;40003.0;
Madrid;2003;224562.0;98910.0;37921.0;
Madrid;2002;212149.0;92028.0;35813.0;
Madrid;2001;211594.0;88796.0;34447.0;
Madrid;2000;208296.0;84359.0;32743.0;
Madrid;1999;205023.0;83767.0;31841.0;
Málaga;2017;66437.0;32963.0;11419.0;
Málaga;2016;64089.0;32344.0;10888.0;
Málaga;2015;61421.0;32444.0;10455.0;
Málaga;2014;57544.0;32947.0;10251.0;
Málaga;2013;55851.0;32422.0;9874.0;
Málaga;2012;58645.0;30741.0;9927.0;
Málaga;2011;60257.0;30260.0;10505.0;
Málaga;2010;58956.0;31525.0;10855.0;
Málaga;2009;59668.0;32224.0;11331.0;
Málaga;2008;59299.0;33737.0;12029.0;
Málaga;2007;58109.0;32960.0;11911.0;
Málaga;2006;54675.0;31117.0;11565.0;
Málaga;2005;51529.0;29454.0;10764.0;
Málaga;2004;48101.0;27829.0;10475.0;
Málaga;2003;44685.0;25056.0;9160.0;
Málaga;2002;42572.0;23056.0;8400.0;
Málaga;2001;41269.0;21572.0;7801.0;
Málaga;2000;41079.0;20810.0;7151.0;
Málaga;1999;39300.0;19741.0;6616.0;
Murcia;2017;50480.0;25531.0;9246.0;
Murcia;2016;49585.0;25373.0;9165.0;
Murcia;2015;48014.0;25715.0;8974.0;
Murcia;2014;44340.0;26414.0;8963.0;
Murcia;2013;44427.0;26345.0;8745.0;
Murcia;2012;46357.0;25145.0;8955.0;
Murcia;2011;47130.0;24905.0;10023.0;
Murcia;2010;46273.0;26357.0;10196.0;
Murcia;2009;46473.0;27309.0;11025.0;
Murcia;2008;46801.0;28950.0;11914.0;
Murcia;2007;45489.0;27786.0;11769.0;
Murcia;2006;42127.0;25690.0;11015.0;
Murcia;2005;40020.0;24219.0;10062.0;
Murcia;2004;39295.0;23342.0;9564.0;
Murcia;2003;36148.0;21394.0;8862.0;
Murcia;2002;35301.0;20235.0;8211.0;
Murcia;2001;34807.0;19187.0;7641.0;
Murcia;2000;35097.0;18186.0;7224.0;
Murcia;1999;34159.0;17532.0;6727.0;
Navarra;2017;24755.0;11472.0;3897.0;
Navarra;2016;24656.0;11428.0;3867.0;
Navarra;2015;23967.0;11395.0;3885.0;
Navarra;2014;22235.0;11565.0;3851.0;
Navarra;2013;21464.0;11289.0;3845.0;
Navarra;2012;22482.0;10463.0;3800.0;
Navarra;2011;22899.0;9908.0;4038.0;
Navarra;2010;22770.0;10658.0;4143.0;
Navarra;2009;22806.0;11156.0;4122.0;
Navarra;2008;23086.0;11260.0;4184.0;
Navarra;2007;22777.0;11046.0;4152.0;
Navarra;2006;21289.0;10783.0;3981.0;
Navarra;2005;21978.0;10031.0;3847.0;
Navarra;2004;21982.0;9230.0;3767.0;
Navarra;2003;21663.0;8997.0;3713.0;
Navarra;2002;19891.0;8938.0;3915.0;
Navarra;2001;20066.0;8585.0;3690.0;
Navarra;2000;18704.0;7090.0;3158.0;
Navarra;1999;22661.0;8267.0;3277.0;
Ourense;2017;12549.0;7044.0;2108.0;
Ourense;2016;12404.0;7124.0;2124.0;
Ourense;2015;12331.0;7214.0;2057.0;
Ourense;2014;11832.0;7408.0;2053.0;
Ourense;2013;11786.0;7372.0;2017.0;
Ourense;2012;12153.0;6995.0;2062.0;
Ourense;2011;12146.0;6922.0;2251.0;
Ourense;2010;12140.0;6925.0;2299.0;
Ourense;2009;12098.0;6995.0;2386.0;
Ourense;2008;12103.0;7284.0;2418.0;
Ourense;2007;12027.0;7265.0;2355.0;
Ourense;2006;11646.0;7054.0;2291.0;
Ourense;2005;11498.0;6872.0;2278.0;
Ourense;2004;11432.0;6707.0;2224.0;
Ourense;2003;11356.0;6368.0;2096.0;
Ourense;2002;11377.0;6141.0;1967.0;
Ourense;2001;11528.0;6001.0;1934.0;
Ourense;2000;11788.0;5654.0;1921.0;
Ourense;1999;11768.0;5509.0;1811.0;
Palencia;2017;5359.0;3071.0;919.0;
Palencia;2016;5482.0;3077.0;899.0;
Palencia;2015;5506.0;3114.0;950.0;
Palencia;2014;5489.0;3253.0;918.0;
Palencia;2013;5524.0;3287.0;907.0;
Palencia;2012;5787.0;3095.0;986.0;
Palencia;2011;5794.0;3042.0;1102.0;
Palencia;2010;5734.0;3151.0;1109.0;
Palencia;2009;5755.0;3210.0;1088.0;
Palencia;2008;5767.0;3249.0;1135.0;
Palencia;2007;5750.0;3270.0;1125.0;
Palencia;2006;5571.0;3197.0;1055.0;
Palencia;2005;5595.0;3105.0;1015.0;
Palencia;2004;5551.0;3030.0;979.0;
Palencia;2003;5704.0;2869.0;908.0;
Palencia;2002;5653.0;2705.0;893.0;
Palencia;2001;5768.0;2663.0;850.0;
Palencia;2000;6024.0;2553.0;799.0;
Palencia;1999;6071.0;2493.0;777.0;
Las_Palmas;2017;41739.0;18060.0;7349.0;
Las_Palmas;2016;39741.0;17803.0;7020.0;
Las_Palmas;2015;38516.0;18017.0;6868.0;
Las_Palmas;2014;35762.0;18733.0;6731.0;
Las_Palmas;2013;36150.0;18743.0;6290.0;
Las_Palmas;2012;37646.0;17836.0;6344.0;
Las_Palmas;2011;38492.0;17298.0;6580.0;
Las_Palmas;2010;38217.0;19211.0;6816.0;
Las_Palmas;2009;38166.0;19985.0;7213.0;
Las_Palmas;2008;38033.0;21229.0;7705.0;
Las_Palmas;2007;37092.0;20655.0;7636.0;
Las_Palmas;2006;34069.0;19609.0;7348.0;
Las_Palmas;2005;33062.0;19165.0;7024.0;
Las_Palmas;2004;30177.0;18337.0;6941.0;
Las_Palmas;2003;30203.0;17174.0;6736.0;
Las_Palmas;2002;29307.0;16256.0;6398.0;
Las_Palmas;2001;28276.0;15283.0;6240.0;
Las_Palmas;2000;27980.0;14580.0;5821.0;
Las_Palmas;1999;26775.0;13801.0;5586.0;
Pontevedra;2017;36526.0;20377.0;6653.0;
Pontevedra;2016;35837.0;20478.0;6537.0;
Pontevedra;2015;34849.0;20926.0;6365.0;
Pontevedra;2014;32501.0;21710.0;6358.0;
Pontevedra;2013;32493.0;21589.0;6535.0;
Pontevedra;2012;33602.0;20635.0;6814.0;
Pontevedra;2011;33690.0;20186.0;7439.0;
Pontevedra;2010;33231.0;20958.0;7420.0;
Pontevedra;2009;32654.0;21436.0;7930.0;
Pontevedra;2008;32543.0;22162.0;7980.0;
Pontevedra;2007;32031.0;21637.0;7880.0;
Pontevedra;2006;30308.0;20778.0;7505.0;
Pontevedra;2005;29071.0;19863.0;7178.0;
Pontevedra;2004;28339.0;19279.0;7179.0;
Pontevedra;2003;27598.0;17891.0;6467.0;
Pontevedra;2002;27137.0;16681.0;6297.0;
Pontevedra;2001;26789.0;15967.0;5981.0;
Pontevedra;2000;27245.0;15330.0;5735.0;
Pontevedra;1999;26560.0;14898.0;5397.0;
La_Rioja;2017;12528.0;6407.0;2207.0;
La_Rioja;2016;12367.0;6500.0;2240.0;
La_Rioja;2015;12314.0;6681.0;2155.0;
La_Rioja;2014;11407.0;6780.0;2194.0;
La_Rioja;2013;11276.0;6735.0;2193.0;
La_Rioja;2012;11818.0;6234.0;2178.0;
La_Rioja;2011;12066.0;5979.0;2429.0;
La_Rioja;2010;11854.0;6511.0;2436.0;
La_Rioja;2009;11913.0;6513.0;2523.0;
La_Rioja;2008;11784.0;6757.0;2576.0;
La_Rioja;2007;11598.0;6608.0;2553.0;
La_Rioja;2006;11011.0;6336.0;2480.0;
La_Rioja;2005;10833.0;6108.0;2257.0;
La_Rioja;2004;10657.0;5816.0;2229.0;
La_Rioja;2003;10309.0;5458.0;2089.0;
La_Rioja;2002;10151.0;5199.0;1955.0;
La_Rioja;2001;10090.0;4976.0;1878.0;
La_Rioja;2000;10211.0;4806.0;1786.0;
La_Rioja;1999;10201.0;4675.0;1684.0;
Salamanca;2017;12130.0;6460.0;2104.0;
Salamanca;2016;12090.0;6508.0;2051.0;
Salamanca;2015;12088.0;6663.0;1991.0;
Salamanca;2014;11851.0;6837.0;2066.0;
Salamanca;2013;11898.0;6840.0;2095.0;
Salamanca;2012;12396.0;6181.0;2200.0;
Salamanca;2011;12648.0;5985.0;2395.0;
Salamanca;2010;12497.0;6423.0;2390.0;
Salamanca;2009;12198.0;6636.0;2405.0;
Salamanca;2008;12235.0;6736.0;2523.0;
Salamanca;2007;12219.0;6610.0;2474.0;
Salamanca;2006;11959.0;6334.0;2363.0;
Salamanca;2005;11738.0;6095.0;2319.0;
Salamanca;2004;11167.0;5976.0;2216.0;
Salamanca;2003;11345.0;5695.0;2192.0;
Salamanca;2002;11087.0;5488.0;2052.0;
Salamanca;2001;11822.0;5532.0;2016.0;
Salamanca;2000;12605.0;5494.0;1967.0;
Salamanca;1999;11917.0;5232.0;1809.0;
Sta_Cruz_Tenerife;2017;37673.0;17553.0;7172.0;
Sta_Cruz_Tenerife;2016;35842.0;17342.0;6768.0;
Sta_Cruz_Tenerife;2015;34441.0;17366.0;6785.0;
Sta_Cruz_Tenerife;2014;32237.0;18186.0;6488.0;
Sta_Cruz_Tenerife;2013;32615.0;18161.0;6065.0;
Sta_Cruz_Tenerife;2012;33913.0;17501.0;6197.0;
Sta_Cruz_Tenerife;2011;34299.0;17149.0;6512.0;
Sta_Cruz_Tenerife;2010;34101.0;18336.0;6562.0;
Sta_Cruz_Tenerife;2009;33806.0;18860.0;6943.0;
Sta_Cruz_Tenerife;2008;33765.0;19577.0;7327.0;
Sta_Cruz_Tenerife;2007;32520.0;19389.0;7280.0;
Sta_Cruz_Tenerife;2006;30699.0;18509.0;7141.0;
Sta_Cruz_Tenerife;2005;29433.0;17919.0;6792.0;
Sta_Cruz_Tenerife;2004;26562.0;17260.0;6722.0;
Sta_Cruz_Tenerife;2003;26990.0;16478.0;6410.0;
Sta_Cruz_Tenerife;2002;26139.0;15519.0;6056.0;
Sta_Cruz_Tenerife;2001;25547.0;14473.0;5748.0;
Sta_Cruz_Tenerife;2000;25422.0;13891.0;5443.0;
Sta_Cruz_Tenerife;1999;24269.0;13284.0;5116.0;
Segovia;2017;5688.0;3242.0;1014.0;
Segovia;2016;5762.0;3239.0;1037.0;
Segovia;2015;5784.0;3206.0;1062.0;
Segovia;2014;5587.0;3299.0;1062.0;
Segovia;2013;5857.0;3359.0;1056.0;
Segovia;2012;6189.0;3060.0;1093.0;
Segovia;2011;6283.0;2974.0;1181.0;
Segovia;2010;6203.0;3218.0;1197.0;
Segovia;2009;6124.0;3258.0;1258.0;
Segovia;2008;6121.0;3415.0;1242.0;
Segovia;2007;6014.0;3350.0;1205.0;
Segovia;2006;5788.0;3105.0;1121.0;
Segovia;2005;5634.0;2951.0;1041.0;
Segovia;2004;5625.0;2784.0;1010.0;
Segovia;2003;5447.0;2620.0;977.0;
Segovia;2002;5447.0;2464.0;898.0;
Segovia;2001;5617.0;2417.0;881.0;
Segovia;2000;5771.0;2378.0;822.0;
Segovia;1999;5756.0;2295.0;767.0;
Sevilla;2017;63807.0;31517.0;11052.0;
Sevilla;2016;62217.0;31385.0;10920.0;
Sevilla;2015;61093.0;31319.0;10609.0;
Sevilla;2014;57823.0;32149.0;10322.0;
Sevilla;2013;58751.0;32109.0;10165.0;
Sevilla;2012;62138.0;30380.0;10674.0;
Sevilla;2011;63463.0;29692.0;11437.0;
Sevilla;2010;62403.0;30949.0;11753.0;
Sevilla;2009;62210.0;31428.0;12214.0;
Sevilla;2008;61240.0;32123.0;12546.0;
Sevilla;2007;59878.0;30517.0;12023.0;
Sevilla;2006;57948.0;28467.0;11401.0;
Sevilla;2005;55397.0;27233.0;10634.0;
Sevilla;2004;53341.0;25833.0;10246.0;
Sevilla;2003;50498.0;23766.0;9368.0;
Sevilla;2002;48885.0;22279.0;8712.0;
Sevilla;2001;49034.0;21383.0;8401.0;
Sevilla;2000;50839.0;20574.0;7902.0;
Sevilla;1999;50715.0;20269.0;7607.0;
Soria;2017;2909.0;1772.0;575.0;
Soria;2016;2957.0;1792.0;584.0;
Soria;2015;3057.0;1827.0;532.0;
Soria;2014;2922.0;1851.0;562.0;
Soria;2013;2898.0;1876.0;557.0;
Soria;2012;3024.0;1752.0;600.0;
Soria;2011;3079.0;1575.0;671.0;
Soria;2010;3096.0;1551.0;668.0;
Soria;2009;3063.0;1740.0;660.0;
Soria;2008;3047.0;1797.0;655.0;
Soria;2007;3049.0;1755.0;631.0;
Soria;2006;2981.0;1716.0;627.0;
Soria;2005;2939.0;1720.0;610.0;
Soria;2004;2869.0;1678.0;602.0;
Soria;2003;2941.0;1556.0;566.0;
Soria;2002;2945.0;1498.0;537.0;
Soria;2001;2985.0;1404.0;506.0;
Soria;2000;3066.0;1397.0;483.0;
Soria;1999;3055.0;1375.0;461.0;
Tarragona;2017;28652.0;14997.0;5005.0;
Tarragona;2016;28421.0;14804.0;4949.0;
Tarragona;2015;27557.0;15100.0;4796.0;
Tarragona;2014;26747.0;15604.0;4771.0;
Tarragona;2013;26896.0;15829.0;4762.0;
Tarragona;2012;28647.0;15417.0;5000.0;
Tarragona;2011;29382.0;14946.0;5672.0;
Tarragona;2010;29384.0;16038.0;5710.0;
Tarragona;2009;28854.0;16668.0;5947.0;
Tarragona;2008;28773.0;17617.0;6438.0;
Tarragona;2007;27567.0;16852.0;6329.0;
Tarragona;2006;25265.0;15640.0;6107.0;
Tarragona;2005;24987.0;14982.0;5753.0;
Tarragona;2004;23702.0;14766.0;5719.0;
Tarragona;2003;22048.0;13561.0;5136.0;
Tarragona;2002;21696.0;13059.0;5015.0;
Tarragona;2001;21828.0;12518.0;4670.0;
Tarragona;2000;21909.0;11900.0;4402.0;
Tarragona;1999;21519.0;11602.0;4180.0;
Teruel;2017;4784.0;2953.0;899.0;
Teruel;2016;4748.0;2948.0;928.0;
Teruel;2015;4616.0;2992.0;930.0;
Teruel;2014;4367.0;3089.0;938.0;
Teruel;2013;4312.0;3062.0;965.0;
Teruel;2012;4558.0;2911.0;989.0;
Teruel;2011;4597.0;2749.0;1087.0;
Teruel;2010;4592.0;2863.0;1091.0;
Teruel;2009;4677.0;2832.0;1098.0;
Teruel;2008;4662.0;2935.0;1114.0;
Teruel;2007;4632.0;2885.0;1076.0;
Teruel;2006;4520.0;2679.0;1041.0;
Teruel;2005;4397.0;2624.0;973.0;
Teruel;2004;4372.0;2640.0;919.0;
Teruel;2003;4216.0;2434.0;895.0;
Teruel;2002;4158.0;2305.0;866.0;
Teruel;2001;4175.0;2270.0;828.0;
Teruel;2000;4266.0;2228.0;808.0;
Teruel;1999;4262.0;2169.0;762.0;
Toledo;2017;22837.0;12769.0;3996.0;
Toledo;2016;22431.0;12789.0;3940.0;
Toledo;2015;22549.0;12913.0;3827.0;
Toledo;2014;21371.0;13191.0;3816.0;
Toledo;2013;21668.0;13326.0;3881.0;
Toledo;2012;23224.0;12812.0;4118.0;
Toledo;2011;23402.0;12619.0;4833.0;
Toledo;2010;22995.0;13141.0;4841.0;
Toledo;2009;23254.0;13609.0;5112.0;
Toledo;2008;23538.0;14275.0;5322.0;
Toledo;2007;22858.0;13362.0;5078.0;
Toledo;2006;21165.0;12068.0;4816.0;
Toledo;2005;20532.0;11255.0;4335.0;
Toledo;2004;19757.0;10588.0;4070.0;
Toledo;2003;18663.0;9757.0;3730.0;
Toledo;2002;16191.0;8514.0;3408.0;
Toledo;2001;17688.0;8520.0;3391.0;
Toledo;2000;18094.0;8187.0;3135.0;
Toledo;1999;17925.0;7948.0;2971.0;
Valencia;2017;94944.0;49589.0;16188.0;
Valencia;2016;93357.0;49637.0;15487.0;
Valencia;2015;92474.0;49822.0;15130.0;
Valencia;2014;87550.0;51057.0;15063.0;
Valencia;2013;90120.0;51719.0;14994.0;
Valencia;2012;93865.0;48702.0;15560.0;
Valencia;2011;95505.0;47991.0;17413.0;
Valencia;2010;93537.0;50219.0;17909.0;
Valencia;2009;93665.0;52224.0;19038.0;
Valencia;2008;94007.0;54299.0;20118.0;
Valencia;2007;92172.0;52736.0;19741.0;
Valencia;2006;86810.0;49633.0;18960.0;
Valencia;2005;83948.0;46831.0;17714.0;
Valencia;2004;82469.0;45216.0;17216.0;
Valencia;2003;77173.0;41769.0;16143.0;
Valencia;2002;75664.0;39296.0;15434.0;
Valencia;2001;76164.0;38332.0;14974.0;
Valencia;2000;77942.0;37003.0;14223.0;
Valencia;1999;76654.0;36712.0;13834.0;
Valladolid;2017;18398.0;9698.0;3159.0;
Valladolid;2016;17984.0;9885.0;3029.0;
Valladolid;2015;17560.0;10077.0;3054.0;
Valladolid;2014;16681.0;10405.0;3130.0;
Valladolid;2013;17057.0;10437.0;3120.0;
Valladolid;2012;18384.0;9690.0;3186.0;
Valladolid;2011;18727.0;9406.0;3536.0;
Valladolid;2010;18684.0;9739.0;3485.0;
Valladolid;2009;18292.0;9964.0;3631.0;
Valladolid;2008;18446.0;10128.0;3669.0;
Valladolid;2007;18137.0;9824.0;3512.0;
Valladolid;2006;17114.0;9441.0;3378.0;
Valladolid;2005;16392.0;8995.0;3260.0;
Valladolid;2004;16033.0;8702.0;3151.0;
Valladolid;2003;16013.0;8040.0;3037.0;
Valladolid;2002;15830.0;7520.0;2876.0;
Valladolid;2001;16315.0;7316.0;2804.0;
Valladolid;2000;16702.0;7134.0;2638.0;
Valladolid;1999;15935.0;6959.0;2468.0;
Zamora;2017;6374.0;3598.0;1016.0;
Zamora;2016;6366.0;3688.0;999.0;
Zamora;2015;6311.0;3744.0;1017.0;
Zamora;2014;6200.0;3799.0;1025.0;
Zamora;2013;6232.0;3782.0;1040.0;
Zamora;2012;6632.0;3454.0;1102.0;
Zamora;2011;6655.0;3254.0;1244.0;
Zamora;2010;6514.0;3502.0;1223.0;
Zamora;2009;6626.0;3525.0;1257.0;
Zamora;2008;6645.0;3617.0;1264.0;
Zamora;2007;6686.0;3551.0;1266.0;
Zamora;2006;6471.0;3508.0;1198.0;
Zamora;2005;6468.0;3427.0;1145.0;
Zamora;2004;6338.0;3420.0;1138.0;
Zamora;2003;6319.0;3338.0;1065.0;
Zamora;2002;6383.0;3146.0;1014.0;
Zamora;2001;6588.0;3108.0;1002.0;
Zamora;2000;6643.0;2993.0;963.0;
Zamora;1999;6660.0;2881.0;888.0;
Zaragoza;2017;36176.0;17408.0;5913.0;
Zaragoza;2016;35492.0;17810.0;5824.0;
Zaragoza;2015;35101.0;18165.0;5855.0;
Zaragoza;2014;33392.0;18509.0;5910.0;
Zaragoza;2013;32940.0;18501.0;5832.0;
Zaragoza;2012;34630.0;16984.0;5930.0;
Zaragoza;2011;35762.0;16385.0;6525.0;
Zaragoza;2010;34878.0;17854.0;6620.0;
Zaragoza;2009;34653.0;18095.0;6780.0;
Zaragoza;2008;34311.0;18976.0;7078.0;
Zaragoza;2007;33118.0;18390.0;6957.0;
Zaragoza;2006;31626.0;17283.0;6646.0;
Zaragoza;2005;34239.0;17988.0;6558.0;
Zaragoza;2004;31768.0;17073.0;6430.0;
Zaragoza;2003;31358.0;16015.0;6150.0;
Zaragoza;2002;31712.0;15499.0;5889.0;
Zaragoza;2001;32254.0;14966.0;5618.0;
Zaragoza;2000;28127.0;14615.0;5430.0;
Zaragoza;1999;31993.0;14511.0;5202.0;
Ceuta;2017;2071.0;1081.0;406.0;
Ceuta;2016;2003.0;1089.0;392.0;
Ceuta;2015;1968.0;1103.0;397.0;
Ceuta;2014;1803.0;1102.0;405.0;
Ceuta;2013;1825.0;1093.0;373.0;
Ceuta;2012;1860.0;1074.0;368.0;
Ceuta;2011;1978.0;964.0;371.0;
Ceuta;2010;1976.0;940.0;359.0;
Ceuta;2009;1959.0;1005.0;385.0;
Ceuta;2008;1944.0;1100.0;348.0;
Ceuta;2007;1984.0;1071.0;374.0;
Ceuta;2006;2011.0;1035.0;326.0;
Ceuta;2005;2042.0;1082.0;304.0;
Ceuta;2004;1958.0;1067.0;332.0;
Ceuta;2003;1960.0;986.0;314.0;
Ceuta;2002;1911.0;957.0;310.0;
Ceuta;2001;1891.0;962.0;304.0;
Ceuta;2000;1906.0;973.0;272.0;
Ceuta;1999;1887.0;916.0;274.0;
Melilla;2017;2634.0;1149.0;451.0;
Melilla;2016;2520.0;1101.0;441.0;
Melilla;2015;2310.0;1081.0;411.0;
Melilla;2014;1983.0;1088.0;398.0;
Melilla;2013;2004.0;1073.0;395.0;
Melilla;2012;2036.0;1011.0;384.0;
Melilla;2011;2044.0;941.0;374.0;
Melilla;2010;2007.0;952.0;381.0;
Melilla;2009;1926.0;1095.0;357.0;
Melilla;2008;1902.0;1107.0;369.0;
Melilla;2007;1887.0;1101.0;368.0;
Melilla;2006;1899.0;1065.0;383.0;
Melilla;2005;2012.0;1029.0;366.0;
Melilla;2004;1982.0;1048.0;356.0;
Melilla;2003;1919.0;919.0;348.0;
Melilla;2002;1879.0;926.0;330.0;
Melilla;2001;1914.0;925.0;332.0;
Melilla;2000;1928.0;901.0;313.0;
Melilla;1999;1907.0;870.0;305.0;
